0,1,2,3,4,5,6,7,8,9,10,11,12,13,14,15,16,17,18
year,team,wins,losses,points,points_opp,points_diff,total_yards,turnovers,fumbles_lost,first_down,pass_cmp,pass_att,pass_yds,pass_td,rush_att,rush_yds,rush_td,penalties
2003,New England Patriots,14,2,348,238,110,5039,24,11,294,320,537,3432,23,473,1607,9,111
2003,Miami Dolphins,10,6,311,261,50,4609,34,15,266,257,450,2792,17,487,1817,14,103
2003,Buffalo Bills,6,10,243,279,-36,4348,34,17,268,293,502,2684,11,427,1664,13,106
2003,New York Jets,6,10,283,299,-16,4951,20,6,274,312,496,3316,20,409,1635,8,69
2003,Baltimore Ravens,10,6,391,281,110,4929,38,19,259,217,415,2255,16,552,2674,18,126
2003,Cincinnati Bengals,8,8,346,384,-38,5329,22,7,313,324,520,3342,26,481,1987,12,107
2003,Pittsburgh Steelers,6,10,300,327,-27,4792,28,11,275,306,532,3304,19,446,1488,10,111
2003,Cleveland Browns,5,11,254,322,-68,4504,33,15,276,313,509,2834,17,412,1670,8,98
2003,Indianapolis Colts,12,4,447,336,111,5874,20,10,348,381,569,4179,29,453,1695,16,92
2003,Tennessee Titans,12,4,435,324,111,5501,21,12,310,315,502,3878,30,486,1623,11,110
2003,Jacksonville Jaguars,5,11,276,331,-55,5358,31,14,305,303,515,3285,17,481,2073,13,108
2003,Houston Texans,5,11,255,380,-125,4306,27,9,237,248,439,2655,14,421,1651,14,121
2003,Kansas City Chiefs,13,3,484,332,152,5910,18,6,348,339,536,3981,24,446,1929,32,79
2003,Denver Broncos,10,6,381,301,80,5598,24,6,334,280,479,2969,19,543,2629,20,107
2003,Oakland Raiders,4,12,270,379,-109,4573,26,12,258,278,521,2751,9,423,1822,15,134
2003,San Diego Chargers,4,12,313,441,-128,5167,31,12,290,297,525,3021,21,417,2146,16,126
2003,Philadelphia Eagles,12,4,374,287,87,5035,22,11,302,279,484,3020,17,417,2015,23,96
2003,Dallas Cowboys,10,6,289,260,29,5161,29,8,286,294,510,3162,17,515,1999,11,98
2003,Washington Redskins,5,11,287,372,-85,4659,28,12,272,283,527,3006,21,421,1653,8,124
2003,New York Giants,4,12,243,387,-144,4942,38,18,300,344,616,3383,16,387,1559,6,127
2003,Green Bay Packers,10,6,442,307,135,5798,32,11,315,310,473,3240,32,507,2558,18,88
2003,Minnesota Vikings,9,7,416,353,63,6294,24,11,336,333,520,3951,32,493,2343,15,127
2003,Chicago Bears,7,9,283,346,-63,4380,29,9,264,271,515,2617,12,443,1763,13,92
2003,Detroit Lions,5,11,270,379,-109,4262,28,4,250,319,588,2924,17,376,1338,5,107
2003,Carolina Panthers,11,5,325,304,21,5141,31,15,284,270,460,3050,19,522,2091,9,116
2003,New Orleans Saints,8,8,340,326,14,5438,28,20,302,314,535,3438,25,448,2000,11,103
2003,Tampa Bay Buccaneers,7,9,301,264,37,5453,31,9,307,369,592,3805,27,421,1648,5,117
2003,Atlanta Falcons,5,11,299,422,-123,4357,31,10,252,230,460,2408,14,435,1949,17,90
2003,St. Louis Rams,12,4,447,328,119,5457,39,16,335,377,600,3961,23,411,1496,19,92
2003,Seattle Seahawks,10,6,404,327,77,5627,29,13,338,317,521,3618,27,453,2009,17,91
2003,San Francisco 49ers,7,9,384,337,47,5687,25,10,313,299,511,3408,25,499,2279,16,104
2003,Arizona Cardinals,4,12,225,452,-227,4490,36,14,256,303,534,2959,18,403,1531,5,98
2004,New England Patriots,14,2,437,260,177,5722,27,13,344,293,485,3588,29,524,2134,15,101
2004,New York Jets,10,6,333,261,72,5438,16,5,313,282,438,3050,19,527,2388,15,91
2004,Buffalo Bills,9,7,395,284,111,4691,29,12,271,262,461,2817,21,483,1874,15,121
2004,Miami Dolphins,4,12,275,354,-79,4404,42,16,267,309,586,3065,19,384,1339,10,112
2004,Pittsburgh Steelers,15,1,372,251,121,5184,21,8,309,228,358,2720,20,618,2464,16,99
2004,Baltimore Ravens,9,7,317,268,49,4375,23,12,260,258,465,2312,13,491,2063,11,94
2004,Cincinnati Bengals,8,8,374,372,2,5140,32,10,286,324,536,3301,23,437,1839,14,103
2004,Cleveland Browns,4,12,276,390,-114,4481,40,19,245,251,439,2824,21,441,1657,6,115
2004,Indianapolis Colts,12,4,522,351,171,6475,17,7,379,353,527,4623,51,427,1852,10,106
2004,Jacksonville Jaguars,9,7,261,280,-19,5009,22,11,279,305,513,3159,17,446,1850,9,109
2004,Houston Texans,7,9,309,339,-30,5128,25,11,300,286,471,3246,16,481,1882,16,106
2004,Tennessee Titans,5,11,344,439,-95,5487,31,12,308,356,589,3616,27,420,1871,12,110
2004,San Diego Chargers,12,4,446,313,133,5542,18,10,328,288,450,3357,29,525,2185,24,108
2004,Denver Broncos,10,6,381,304,77,6332,29,9,351,303,521,3999,27,534,2333,13,93
2004,Kansas City Chiefs,7,9,483,435,48,6695,27,10,398,370,561,4406,27,496,2289,31,117
2004,Oakland Raiders,5,11,320,442,-122,5153,35,13,275,330,582,3858,24,327,1295,10,134
2004,Philadelphia Eagles,13,3,386,260,126,5618,22,11,301,336,547,3979,32,376,1639,10,124
2004,New York Giants,6,10,303,347,-44,4722,24,11,281,269,475,2818,12,424,1904,18,118
2004,Dallas Cowboys,6,10,293,405,-112,5197,37,14,296,308,519,3428,19,449,1769,14,105
2004,Washington Redskins,6,10,240,265,-25,4397,27,10,269,288,514,2632,18,471,1765,6,115
2004,Green Bay Packers,10,6,424,380,44,6357,29,10,354,382,598,4449,36,441,1908,9,116
2004,Minnesota Vikings,8,8,405,395,10,6339,21,9,351,380,552,4516,39,387,1823,8,117
2004,Detroit Lions,6,10,296,350,-54,4693,20,7,263,285,505,2916,19,407,1777,7,121
2004,Chicago Bears,5,11,231,331,-100,3816,37,21,230,249,471,2192,9,430,1624,10,124
2004,Atlanta Falcons,11,5,340,337,3,5084,30,14,284,217,395,2412,15,524,2672,20,109
2004,New Orleans Saints,8,8,348,405,-57,5193,26,10,291,309,542,3587,21,406,1606,15,129
2004,Carolina Panthers,7,9,355,339,16,5225,26,11,308,311,536,3643,29,422,1582,10,123
2004,Tampa Bay Buccaneers,5,11,301,304,-3,4963,36,18,271,340,512,3474,24,393,1489,9,117
2004,Seattle Seahawks,9,7,371,373,-2,5634,27,9,320,304,532,3539,23,468,2095,17,79
2004,St. Louis Rams,8,8,319,392,-73,5877,39,17,321,372,580,4253,23,381,1624,11,127
2004,Arizona Cardinals,6,10,284,322,-38,4550,29,11,280,299,533,2882,14,475,1668,15,124
2004,San Francisco 49ers,2,14,259,452,-193,4585,40,19,280,325,561,3136,16,413,1449,10,103
2005,New England Patriots,10,6,379,338,41,5632,24,9,334,352,564,4120,28,439,1512,16,110
2005,Miami Dolphins,9,7,318,317,1,5198,30,14,274,291,556,3300,22,444,1898,11,132
2005,Buffalo Bills,5,11,271,367,-96,4122,26,10,259,269,459,2515,18,428,1607,6,120
2005,New York Jets,4,12,240,355,-115,3970,34,19,251,268,470,2642,11,384,1328,10,98
2005,Cincinnati Bengals,11,5,421,350,71,5730,20,6,342,362,538,3820,32,459,1910,15,110
2005,Pittsburgh Steelers,11,5,389,258,131,5149,23,9,297,228,379,2926,21,549,2223,21,99
2005,Baltimore Ravens,6,10,265,299,-34,4693,36,15,286,335,562,3088,17,452,1605,5,139
2005,Cleveland Browns,6,10,232,301,-69,4550,30,13,241,297,497,3047,15,395,1503,4,99
2005,Indianapolis Colts,14,2,439,247,192,5799,19,8,363,347,515,4096,31,465,1703,18,94
2005,Jacksonville Jaguars,12,4,361,269,92,5149,17,11,301,283,487,3190,21,502,1959,18,121
2005,Tennessee Titans,4,12,299,421,-122,5122,26,12,279,358,594,3597,20,397,1525,8,125
2005,Houston Texans,2,14,260,431,-171,4053,24,11,243,270,449,2237,15,437,1816,9,106
2005,Denver Broncos,13,3,395,258,137,5766,16,9,330,279,465,3227,18,542,2539,25,97
2005,Kansas City Chiefs,10,6,403,325,78,6192,23,13,347,317,507,3810,17,520,2382,26,115
2005,San Diego Chargers,9,7,418,312,106,5567,28,12,337,338,526,3495,27,465,2072,22,110
2005,Oakland Raiders,4,12,290,383,-93,4951,23,9,294,316,591,3582,21,361,1369,11,147
2005,New York Giants,11,5,422,314,108,5787,25,8,312,294,558,3578,24,469,2209,17,143
2005,Washington Redskins,10,6,359,293,66,5289,27,16,301,278,481,3106,25,525,2183,15,108
2005,Dallas Cowboys,9,7,325,308,17,5202,31,14,318,300,500,3341,23,521,1861,13,99
2005,Philadelphia Eagles,6,10,310,388,-78,5109,34,14,282,337,620,3677,21,365,1432,11,134
2005,Chicago Bears,11,5,260,202,58,4101,28,13,233,219,418,2002,11,488,2099,11,105
2005,Minnesota Vikings,9,7,306,344,-38,4613,30,14,285,323,510,3146,18,381,1467,10,128
2005,Detroit Lions,5,11,254,345,-91,4319,30,12,258,297,520,2848,15,404,1471,10,115
2005,Green Bay Packers,4,12,298,344,-46,5118,45,15,318,383,626,3766,20,398,1352,11,119
2005,Tampa Bay Buccaneers,11,5,300,274,26,4716,23,9,268,303,487,2890,17,457,1826,13,131
2005,Carolina Panthers,11,5,391,259,132,4950,26,10,278,269,449,3271,25,487,1679,17,91
2005,Atlanta Falcons,8,8,351,341,10,5225,29,16,313,247,451,2679,19,531,2546,17,114
2005,New Orleans Saints,3,13,235,398,-163,5031,43,19,312,308,553,3343,15,423,1688,8,135
2005,Seattle Seahawks,13,3,452,271,181,5915,17,7,361,307,474,3458,25,519,2457,29,94
2005,St. Louis Rams,6,10,363,429,-66,5571,37,13,314,392,599,4036,23,380,1535,13,131
2005,Arizona Cardinals,5,11,311,387,-76,5575,37,16,304,419,670,4437,21,360,1138,2,145
2005,San Francisco 49ers,4,12,239,428,-189,3587,35,14,191,204,389,1898,8,428,1689,9,106
2006,New England Patriots,12,4,385,237,148,5369,27,15,330,326,527,3400,25,499,1969,20,98
2006,New York Jets,10,6,316,295,21,4891,25,9,289,313,488,3153,17,491,1738,15,70
2006,Buffalo Bills,7,9,300,311,-11,4271,29,15,234,268,431,2719,19,420,1552,9,87
2006,Miami Dolphins,6,10,260,283,-23,4960,25,6,281,342,591,3287,16,402,1673,7,90
2006,Baltimore Ravens,13,3,353,201,152,5072,23,9,282,328,524,3435,21,476,1637,11,109
2006,Cincinnati Bengals,8,8,373,331,42,5462,24,11,313,327,523,3833,28,435,1629,14,92
2006,Pittsburgh Steelers,8,8,353,315,38,5725,37,14,327,312,523,3733,23,469,1992,16,69
2006,Cleveland Browns,4,12,238,356,-118,4233,42,17,250,318,512,2898,15,372,1335,7,74
2006,Indianapolis Colts,12,4,427,360,67,6070,19,10,376,362,557,4308,31,439,1762,17,86
2006,Tennessee Titans,8,8,324,400,-76,4810,26,7,261,226,447,2596,13,469,2214,15,94
2006,Jacksonville Jaguars,8,8,371,274,97,5423,23,9,293,266,446,2882,17,513,2541,23,97
2006,Houston Texans,6,10,267,366,-99,4463,25,12,282,329,481,2778,14,431,1685,13,90
2006,San Diego Chargers,14,2,492,303,189,5840,15,6,321,287,466,3262,24,522,2578,32,90
2006,Kansas City Chiefs,9,7,331,315,16,5143,26,14,310,272,450,3000,18,513,2143,17,76
2006,Denver Broncos,9,7,319,305,14,4951,30,12,285,256,454,2799,20,488,2152,12,67
2006,Oakland Raiders,2,14,168,332,-164,3939,46,22,243,263,483,2420,7,394,1519,5,111
2006,Philadelphia Eagles,10,6,398,328,70,6103,24,15,312,323,544,4119,31,416,1984,13,112
2006,Dallas Cowboys,9,7,425,350,75,5772,30,9,336,310,506,3836,26,472,1936,21,100
2006,New York Giants,8,8,355,362,-7,5214,28,10,304,301,523,3058,24,455,2156,14,101
2006,Washington Redskins,5,11,307,376,-69,5243,17,7,295,274,470,3027,19,490,2216,13,106
2006,Chicago Bears,13,3,427,255,172,5199,36,14,300,282,514,3281,24,503,1918,14,112
2006,Green Bay Packers,8,8,301,366,-65,5458,33,15,301,350,630,3795,18,431,1663,9,90
2006,Minnesota Vikings,6,10,282,327,-45,4943,32,12,272,332,540,3123,13,442,1820,12,123
2006,Detroit Lions,3,13,305,398,-93,4949,39,17,290,372,596,3820,21,304,1129,9,116
2006,New Orleans Saints,10,6,413,322,91,6264,23,10,330,372,580,4503,27,472,1761,19,79
2006,Carolina Panthers,8,8,270,305,-35,4923,27,10,278,325,539,3264,19,423,1659,7,103
2006,Atlanta Falcons,7,9,292,328,-36,5310,20,5,287,222,416,2371,21,537,2939,9,96
2006,Tampa Bay Buccaneers,4,12,211,353,-142,4321,32,14,237,296,535,2798,14,404,1523,6,87
2006,Seattle Seahawks,9,7,335,341,-6,4977,34,12,312,292,512,3054,26,484,1923,8,94
2006,St. Louis Rams,8,8,367,381,-14,5767,18,10,332,371,592,3962,24,424,1805,13,116
2006,San Francisco 49ers,7,9,298,412,-114,4860,32,16,243,257,444,2688,16,438,2172,12,93
2006,Arizona Cardinals,5,11,314,389,-75,5000,30,13,298,322,545,3662,17,419,1338,12,117
2007,New England Patriots,16,0,589,274,315,6580,15,6,393,403,586,4731,50,451,1849,17,78
2007,Buffalo Bills,7,9,252,354,-102,4434,21,7,248,263,445,2634,12,448,1800,8,78
2007,New York Jets,4,12,268,355,-87,4715,25,6,286,310,512,3014,15,446,1701,6,63
2007,Miami Dolphins,1,15,267,437,-170,4600,29,13,283,318,558,3031,12,389,1569,14,91
2007,Pittsburgh Steelers,10,6,393,269,124,5239,22,8,298,282,442,3071,34,511,2168,9,80
2007,Cleveland Browns,10,6,402,382,20,5621,29,9,315,305,545,3726,29,440,1895,13,114
2007,Cincinnati Bengals,7,9,380,385,-5,5568,30,10,320,373,575,4012,26,416,1556,10,90
2007,Baltimore Ravens,5,11,275,384,-109,4832,40,26,291,341,557,3035,13,446,1797,11,107
2007,Indianapolis Colts,13,3,450,262,188,5739,19,5,357,355,551,4033,32,446,1706,19,67
2007,Jacksonville Jaguars,11,5,411,304,107,5719,21,13,328,288,469,3328,28,522,2391,18,76
2007,Tennessee Titans,10,6,301,297,4,4987,34,17,306,288,464,2878,9,543,2109,17,101
2007,Houston Texans,8,8,379,384,-5,5337,38,17,295,346,529,3751,24,417,1586,12,82
2007,San Diego Chargers,11,5,412,284,128,5044,24,8,278,281,471,3005,22,485,2039,19,94
2007,Denver Broncos,7,9,320,409,-89,5541,29,14,305,326,515,3584,21,429,1957,10,90
2007,Kansas City Chiefs,4,12,226,335,-109,4429,33,13,255,335,563,3181,17,383,1248,6,101
2007,Oakland Raiders,4,12,283,398,-115,4717,37,17,267,260,451,2631,17,508,2086,11,120
2007,Dallas Cowboys,13,3,455,325,130,5851,24,5,322,342,531,4105,36,419,1746,14,104
2007,New York Giants,10,6,373,351,22,5302,34,14,321,302,544,3154,23,469,2148,15,77
2007,Washington Redskins,9,7,334,310,24,5334,29,18,307,319,525,3463,18,498,1871,15,90
2007,Philadelphia Eagles,8,8,336,300,36,5729,27,12,323,350,577,3755,24,421,1974,12,83
2007,Green Bay Packers,13,3,435,291,144,5931,24,9,307,383,578,4334,30,388,1597,13,113
2007,Minnesota Vikings,8,8,365,311,54,5379,30,16,294,249,432,2745,12,494,2634,22,86
2007,Detroit Lions,7,9,346,444,-98,5166,36,14,303,368,587,3878,19,324,1288,13,100
2007,Chicago Bears,7,9,334,348,-14,4692,34,13,266,327,569,3362,18,423,1330,8,111
2007,Tampa Bay Buccaneers,9,7,334,270,64,5229,20,12,281,316,490,3357,18,449,1872,15,81
2007,Carolina Panthers,7,9,267,347,-80,4559,29,12,255,285,505,2735,19,451,1824,7,95
2007,New Orleans Saints,7,9,379,388,-9,5780,30,12,346,440,652,4314,28,392,1466,14,68
2007,Atlanta Falcons,4,12,259,414,-155,4813,24,9,248,336,555,3293,18,385,1520,7,105
2007,Seattle Seahawks,10,6,393,291,102,5583,24,11,323,371,590,3964,30,430,1619,9,59
2007,Arizona Cardinals,8,8,404,399,5,5505,36,12,308,356,590,4065,32,402,1440,9,137
2007,San Francisco 49ers,5,11,219,364,-145,3797,34,17,218,274,513,2320,15,357,1477,8,97
2007,St. Louis Rams,3,13,263,438,-175,4760,37,9,281,333,574,3233,19,404,1527,5,94
2008,Miami Dolphins,11,5,345,317,28,5529,13,6,308,330,491,3632,20,448,1897,18,81
2008,New England Patriots,11,5,410,309,101,5847,21,10,356,339,534,3569,21,513,2278,21,57
2008,New York Jets,9,7,405,356,49,5307,31,8,308,347,529,3303,22,422,2004,20,77
2008,Buffalo Bills,7,9,336,342,-6,4882,30,15,287,309,479,3040,14,439,1842,16,71
2008,Pittsburgh Steelers,12,4,347,223,124,4991,25,10,290,303,506,3301,19,460,1690,16,95
2008,Baltimore Ravens,11,5,385,244,141,5184,21,9,300,261,433,2808,16,592,2376,20,103
2008,Cincinnati Bengals,4,11,204,364,-160,3926,26,11,245,303,513,2406,11,420,1520,6,75
2008,Cleveland Browns,4,12,232,350,-118,3985,26,6,233,238,488,2380,11,409,1605,6,100
2008,Tennessee Titans,13,3,375,234,141,5018,17,8,268,265,453,2819,13,508,2199,24,108
2008,Indianapolis Colts,12,4,377,298,79,5368,17,5,321,393,585,4094,27,370,1274,13,86
2008,Houston Texans,8,8,366,394,-28,6113,32,12,340,367,555,4267,21,432,1846,16,80
2008,Jacksonville Jaguars,5,11,302,367,-65,5106,24,11,312,335,537,3332,15,426,1774,17,104
2008,San Diego Chargers,8,8,439,347,92,5584,20,9,301,312,478,3858,34,421,1726,13,95
2008,Denver Broncos,8,8,370,448,-78,6333,30,12,354,386,620,4471,25,387,1862,15,77
2008,Oakland Raiders,5,11,263,388,-125,4356,23,12,225,222,421,2369,13,459,1987,9,109
2008,Kansas City Chiefs,2,14,291,440,-149,4939,24,8,273,310,541,3129,23,379,1810,9,78
2008,New York Giants,12,4,427,294,133,5695,13,3,338,298,491,3177,23,502,2518,19,102
2008,Philadelphia Eagles,9,6,416,289,127,5608,26,10,318,362,606,3911,23,427,1697,15,74
2008,Dallas Cowboys,9,7,362,365,-3,5512,33,13,291,328,547,3789,29,401,1723,12,120
2008,Washington Redskins,8,8,265,296,-31,5120,18,12,295,318,510,3025,14,478,2095,12,83
2008,Minnesota Vikings,10,6,379,333,46,5288,31,14,292,267,452,2956,22,519,2332,15,90
2008,Chicago Bears,9,7,375,350,25,4734,27,13,264,304,528,3061,20,434,1673,15,78
2008,Green Bay Packers,6,10,419,380,39,5618,21,8,299,343,541,3813,28,437,1805,11,110
2008,Detroit Lions,0,16,268,517,-249,4292,29,10,234,281,509,2960,18,352,1332,10,88
2008,Carolina Panthers,12,4,414,329,85,5595,19,7,287,246,414,3158,15,504,2437,30,94
2008,Atlanta Falcons,11,5,391,325,66,5779,21,10,313,265,434,3336,16,560,2443,23,71
2008,Tampa Bay Buccaneers,9,7,361,323,38,5456,26,13,298,355,562,3619,18,451,1837,13,95
2008,New Orleans Saints,8,8,463,393,70,6571,26,8,354,413,636,4977,34,398,1594,20,86
2008,Arizona Cardinals,9,7,427,426,1,5852,30,15,328,418,630,4674,31,340,1178,14,107
2008,San Francisco 49ers,7,9,339,381,-42,4978,35,16,287,309,509,3379,21,397,1599,10,98
2008,Seattle Seahawks,4,12,294,392,-98,4385,27,12,265,262,474,2617,18,417,1768,10,79
2008,St. Louis Rams,2,14,232,465,-233,4596,31,12,249,292,520,2947,11,417,1649,8,97
2009,New England Patriots,10,6,427,285,142,6357,22,9,373,390,592,4436,28,466,1921,19,81
2009,New York Jets,9,7,348,236,112,5136,30,9,280,210,393,2380,12,607,2756,21,88
2009,Miami Dolphins,7,9,360,390,-30,5401,29,10,333,331,545,3170,15,509,2231,22,78
2009,Buffalo Bills,6,10,258,326,-68,4382,30,11,233,256,441,2515,17,424,1867,6,107
2009,Cincinnati Bengals,10,6,305,291,14,4946,25,12,295,286,477,2890,21,505,2056,9,114
2009,Baltimore Ravens,9,7,391,261,130,5619,22,9,320,321,510,3419,21,468,2200,22,115
2009,Pittsburgh Steelers,9,7,368,324,44,5941,25,11,331,351,536,4148,28,428,1793,10,85
2009,Cleveland Browns,5,11,245,375,-130,4163,31,13,237,219,443,2076,11,498,2087,10,77
2009,Indianapolis Colts,14,2,416,307,109,5809,24,5,339,402,601,4515,34,366,1294,16,74
2009,Houston Texans,9,7,388,333,55,6129,28,11,340,399,593,4654,29,425,1475,13,95
2009,Tennessee Titans,8,8,354,402,-48,5623,31,16,288,271,476,3031,16,499,2592,19,98
2009,Jacksonville Jaguars,7,9,290,380,-90,5385,23,13,300,315,519,3356,15,447,2029,19,70
2009,San Diego Chargers,13,3,454,320,134,5761,17,7,330,338,519,4338,29,427,1423,17,78
2009,Denver Broncos,8,8,326,324,2,5463,23,10,306,341,558,3627,21,440,1836,9,93
2009,Oakland Raiders,5,11,197,379,-182,4258,33,15,234,255,485,2557,10,410,1701,7,117
2009,Kansas City Chiefs,4,12,294,424,-130,4851,27,10,256,296,536,2922,18,438,1929,8,84
2009,Dallas Cowboys,11,5,361,250,111,6390,19,10,335,347,550,4287,26,436,2103,14,115
2009,Philadelphia Eagles,11,5,429,337,92,5726,23,10,290,335,553,4089,27,384,1637,14,115
2009,New York Giants,8,8,402,427,-25,5856,31,17,323,338,542,4019,28,443,1837,14,95
2009,Washington Redskins,4,12,266,336,-70,5000,28,12,280,340,533,3490,21,391,1510,8,85
2009,Minnesota Vikings,12,4,470,312,158,6074,18,11,343,377,553,4156,34,467,1918,19,101
2009,Green Bay Packers,11,5,461,297,164,6065,16,8,335,357,553,4180,30,438,1885,20,118
2009,Chicago Bears,7,9,327,375,-48,4965,34,7,262,340,563,3473,27,373,1492,6,100
2009,Detroit Lions,2,14,262,494,-232,4784,41,9,281,316,585,3168,16,409,1616,9,98
2009,New Orleans Saints,13,3,510,341,169,6461,28,16,348,378,544,4355,34,468,2106,21,89
2009,Atlanta Falcons,9,7,363,325,38,5447,25,8,330,332,570,3571,26,451,1876,15,78
2009,Carolina Panthers,8,8,315,308,7,5297,31,11,289,264,465,2799,16,525,2498,18,88
2009,Tampa Bay Buccaneers,3,13,244,400,-156,4600,34,5,246,279,524,2973,18,404,1627,5,93
2009,Arizona Cardinals,10,6,375,325,50,5510,36,18,317,392,594,4016,27,365,1494,16,108
2009,San Francisco 49ers,8,8,330,281,49,4652,24,10,238,312,528,3052,23,371,1600,12,98
2009,Seattle Seahawks,5,11,280,390,-110,5069,31,12,297,372,609,3503,20,395,1566,7,95
2009,St. Louis Rams,1,15,175,436,-261,4470,33,12,259,312,543,2686,12,411,1784,4,100
2010,New England Patriots,14,2,518,313,205,5820,10,5,335,331,507,3847,37,454,1973,19,83
2010,New York Jets,11,5,367,304,63,5616,21,7,307,288,525,3242,20,534,2374,14,103
2010,Miami Dolphins,7,9,273,333,-60,5170,31,10,300,335,557,3527,17,445,1643,8,72
2010,Buffalo Bills,4,12,283,425,-142,4878,39,18,263,296,519,3158,24,401,1720,6,82
2010,Pittsburgh Steelers,12,4,375,232,143,5525,18,9,295,298,479,3601,22,471,1924,15,100
2010,Baltimore Ravens,12,4,357,270,87,5166,20,10,303,308,491,3335,25,487,1831,11,90
2010,Cleveland Browns,5,11,271,332,-61,4635,29,11,265,296,478,2989,13,413,1646,13,78
2010,Cincinnati Bengals,4,12,322,395,-73,5289,34,14,317,365,590,3767,26,428,1522,8,90
2010,Indianapolis Colts,10,6,435,388,47,6092,25,8,366,450,679,4609,33,393,1483,13,79
2010,Jacksonville Jaguars,8,8,353,419,-66,5460,33,12,330,291,469,3065,26,512,2395,14,83
2010,Houston Texans,6,10,390,427,-37,6186,18,6,360,365,574,4144,24,423,2042,20,90
2010,Tennessee Titans,6,10,356,339,17,4834,29,14,252,273,474,3107,24,406,1727,13,128
2010,Kansas City Chiefs,10,6,366,326,40,5595,14,6,319,274,475,2968,27,556,2627,13,90
2010,San Diego Chargers,9,7,441,322,119,6329,29,16,357,359,544,4519,30,457,1810,18,84
2010,Oakland Raiders,8,8,410,371,39,5674,26,10,306,279,491,3180,18,504,2494,19,148
2010,Denver Broncos,4,12,344,471,-127,5582,27,15,309,334,580,4038,25,398,1544,13,98
2010,Philadelphia Eagles,10,6,439,377,62,6230,25,12,322,348,561,3906,28,428,2324,18,129
2010,New York Giants,10,6,394,347,47,6085,42,17,331,339,539,3885,31,480,2200,17,92
2010,Dallas Cowboys,6,10,394,436,-42,5828,30,11,327,379,576,4042,29,428,1786,10,109
2010,Washington Redskins,6,10,302,377,-75,5374,31,12,295,349,605,3913,21,351,1461,9,90
2010,Chicago Bears,11,5,334,286,48,4631,31,10,263,276,466,3015,23,414,1616,10,91
2010,Green Bay Packers,10,6,388,240,148,5730,22,9,312,352,541,4124,31,421,1606,11,78
2010,Detroit Lions,6,10,362,369,-7,5423,25,9,304,383,633,3810,26,404,1613,11,136
2010,Minnesota Vikings,6,10,281,348,-67,5039,37,11,289,305,505,3097,14,441,1942,16,100
2010,Atlanta Falcons,13,3,414,288,126,5458,17,8,353,361,577,3567,28,497,1891,14,58
2010,New Orleans Saints,11,5,384,307,77,5960,31,9,351,450,661,4441,33,380,1519,9,90
2010,Tampa Bay Buccaneers,10,6,341,318,23,5362,19,13,288,306,494,3361,26,431,2001,9,100
2010,Carolina Panthers,2,14,196,408,-212,4135,37,16,225,256,484,2289,9,428,1846,7,106
2010,Seattle Seahawks,7,9,310,407,-97,4765,31,11,260,324,544,3341,14,385,1424,13,101
2010,St. Louis Rams,7,9,289,328,-39,4846,21,6,292,354,590,3268,18,429,1578,9,102
2010,San Francisco 49ers,6,10,305,346,-41,5013,23,8,251,282,500,3356,19,401,1657,10,112
2010,Arizona Cardinals,5,11,289,434,-145,4309,35,16,241,285,561,2921,10,320,1388,9,108
2011,New England Patriots,13,3,513,342,171,6848,17,5,399,402,612,5084,39,438,1764,18,87
2011,New York Jets,8,8,377,363,14,4989,34,16,301,310,547,3297,26,443,1692,14,102
2011,Miami Dolphins,6,10,329,313,16,5078,25,12,287,280,469,3091,20,469,1987,11,85
2011,Buffalo Bills,6,10,372,434,-62,5624,30,5,313,356,578,3703,24,391,1921,12,86
2011,Baltimore Ravens,12,4,378,266,112,5419,24,12,312,314,544,3423,21,459,1996,15,92
2011,Pittsburgh Steelers,12,4,325,227,98,5957,28,13,341,341,539,4054,21,434,1903,13,101
2011,Cincinnati Bengals,9,7,344,323,21,5118,22,8,285,308,535,3340,21,455,1778,10,99
2011,Cleveland Browns,4,12,218,307,-89,4621,19,6,278,320,570,3090,16,415,1531,4,95
2011,Houston Texans,10,6,381,278,103,5954,20,11,321,288,467,3506,20,546,2448,18,99
2011,Tennessee Titans,9,7,325,317,8,5361,22,8,281,353,584,3923,22,376,1438,8,104
2011,Jacksonville Jaguars,5,11,243,329,-86,4149,23,8,251,240,469,2179,12,489,1970,9,77
2011,Indianapolis Colts,2,14,243,430,-187,4589,29,15,258,302,534,2995,14,382,1594,8,76
2011,Denver Broncos,8,8,309,390,-81,5066,30,17,286,217,429,2434,20,546,2632,11,101
2011,San Diego Chargers,8,8,406,377,29,6290,28,8,359,366,582,4426,27,436,1864,16,91
2011,Oakland Raiders,8,8,359,433,-74,6072,30,7,328,315,524,3962,20,466,2110,16,163
2011,Kansas City Chiefs,7,9,212,338,-126,4973,28,10,277,299,500,3080,13,487,1893,5,110
2011,New York Giants,9,7,394,400,-6,6161,24,8,331,359,589,4734,29,411,1427,17,94
2011,Philadelphia Eagles,8,8,396,328,68,6386,38,13,356,330,554,4110,22,450,2276,20,107
2011,Dallas Cowboys,8,8,369,347,22,6008,21,9,327,376,570,4201,33,408,1807,5,114
2011,Washington Redskins,5,11,288,367,-79,5387,35,11,312,346,591,3773,19,400,1614,8,91
2011,Green Bay Packers,15,1,560,359,201,6482,14,6,353,376,552,4924,51,395,1558,12,76
2011,Detroit Lions,10,6,474,387,87,6337,23,7,349,423,666,4814,41,356,1523,9,128
2011,Chicago Bears,8,8,353,341,12,5026,29,9,271,268,473,3011,18,456,2015,10,104
2011,Minnesota Vikings,3,13,340,449,-109,5275,26,9,297,286,510,2957,20,448,2318,18,109
2011,New Orleans Saints,13,3,547,339,208,7474,19,5,416,472,662,5347,46,431,2127,16,99
2011,Atlanta Falcons,10,6,402,350,52,6026,21,8,349,365,594,4192,29,453,1834,14,93
2011,Carolina Panthers,6,10,406,429,-23,6237,23,6,345,312,519,3829,21,445,2408,26,113
2011,Tampa Bay Buccaneers,4,12,287,494,-207,5108,40,16,277,365,588,3650,17,346,1458,9,123
2011,San Francisco 49ers,13,3,380,229,151,4974,10,5,282,277,451,2930,18,498,2044,14,113
2011,Arizona Cardinals,8,8,312,348,-36,5192,32,9,286,307,550,3567,21,389,1625,12,106
2011,Seattle Seahawks,7,9,321,315,6,4861,23,9,265,299,509,3105,15,444,1756,15,138
2011,St. Louis Rams,2,14,193,407,-214,4537,23,13,267,292,549,2870,9,409,1667,7,112
2012,New England Patriots,12,4,557,331,226,6846,16,7,444,402,641,4662,34,523,2184,25,97
2012,Miami Dolphins,7,9,288,317,-29,4984,26,13,288,293,504,3182,13,440,1802,15,82
2012,New York Jets,6,10,281,375,-94,4787,37,18,299,272,493,2891,14,494,1896,12,83
2012,Buffalo Bills,6,10,344,435,-91,5486,34,17,301,309,511,3269,24,442,2217,12,104
2012,Baltimore Ravens,10,6,398,344,54,5640,16,5,314,334,560,3739,22,444,1901,17,121
2012,Cincinnati Bengals,10,6,391,320,71,5323,26,10,292,335,540,3578,28,430,1745,11,99
2012,Pittsburgh Steelers,8,8,336,314,22,5324,30,16,307,354,574,3787,27,412,1537,8,92
2012,Cleveland Browns,5,11,302,368,-66,5028,26,8,279,328,566,3435,16,396,1593,12,113
2012,Houston Texans,12,4,416,331,85,5953,17,4,341,354,554,3830,22,508,2123,19,108
2012,Indianapolis Colts,11,5,357,387,-30,5799,27,9,360,339,628,4128,23,440,1671,11,94
2012,Tennessee Titans,6,10,330,471,-141,5010,28,12,260,318,540,3323,17,378,1687,10,106
2012,Jacksonville Jaguars,2,14,255,444,-189,4788,26,9,269,328,586,3419,20,358,1369,5,101
2012,Denver Broncos,13,3,481,289,192,6366,25,14,380,402,588,4534,37,481,1832,12,100
2012,San Diego Chargers,7,9,350,350,0,4756,26,11,293,338,528,3295,26,411,1461,4,103
2012,Oakland Raiders,4,12,290,443,-153,5504,26,10,300,376,629,4084,24,376,1420,4,108
2012,Kansas City Chiefs,2,14,211,425,-214,5108,37,17,286,273,475,2713,8,500,2395,9,92
2012,Washington Redskins,10,6,436,388,48,6131,14,6,341,291,442,3422,24,519,2709,22,116
2012,New York Giants,9,7,429,344,85,5687,21,6,327,323,539,3825,26,409,1862,18,72
2012,Dallas Cowboys,8,8,376,400,-24,5994,29,10,338,434,658,4729,29,355,1265,8,117
2012,Philadelphia Eagles,4,12,280,444,-164,5665,37,22,332,367,618,3791,18,413,1874,10,98
2012,Green Bay Packers,11,5,433,336,97,5751,16,8,341,374,558,4049,40,433,1702,9,103
2012,Minnesota Vikings,10,6,379,348,31,5385,23,11,306,300,483,2751,18,486,2634,16,90
2012,Chicago Bears,10,6,375,277,98,4969,24,8,292,287,485,2999,21,470,1970,11,102
2012,Detroit Lions,4,12,372,437,-65,6540,33,16,382,445,740,4927,22,391,1613,17,103
2012,Atlanta Falcons,13,3,419,299,120,5906,18,4,343,422,615,4509,32,378,1397,12,55
2012,Carolina Panthers,7,9,357,363,-6,5771,22,10,328,284,490,3683,19,462,2088,21,98
2012,New Orleans Saints,7,9,461,454,7,6574,24,5,352,423,671,4997,43,370,1577,10,104
2012,Tampa Bay Buccaneers,7,9,389,394,-5,5820,23,6,301,311,566,3983,27,416,1837,13,101
2012,San Francisco 49ers,11,4,397,273,124,5789,16,8,322,289,436,3298,23,492,2491,17,109
2012,Seattle Seahawks,11,5,412,245,167,5610,18,8,311,259,405,3031,27,536,2579,16,110
2012,St. Louis Rams,7,8,299,348,-49,5264,22,8,287,332,557,3550,22,410,1714,5,130
2012,Arizona Cardinals,5,11,250,357,-107,4209,34,13,246,337,608,3005,11,352,1204,10,102
2013,New England Patriots,12,4,444,338,106,6152,20,9,378,380,628,4087,25,470,2065,19,69
2013,New York Jets,8,8,290,387,-97,5090,29,7,280,266,480,2932,13,493,2158,12,108
2013,Miami Dolphins,8,8,317,335,-18,5007,26,7,278,357,594,3567,24,349,1440,8,70
2013,Buffalo Bills,6,10,339,388,-49,5410,27,12,301,299,522,3103,16,546,2307,15,110
2013,Cincinnati Bengals,11,5,430,305,125,5891,30,10,330,364,587,4136,33,481,1755,14,102
2013,Pittsburgh Steelers,8,8,379,370,9,5400,24,10,312,377,586,4017,28,394,1383,9,80
2013,Baltimore Ravens,8,8,320,352,-32,4918,29,6,295,363,619,3590,19,423,1328,7,112
2013,Cleveland Browns,4,12,308,406,-98,5423,29,9,301,379,681,4040,26,348,1383,4,104
2013,Indianapolis Colts,11,5,391,336,55,5468,14,4,318,350,582,3725,23,409,1743,15,66
2013,Tennessee Titans,7,9,362,381,-19,5390,25,9,311,328,533,3496,22,462,1894,16,101
2013,Jacksonville Jaguars,4,12,247,449,-202,4701,27,6,271,349,592,3441,16,378,1260,7,96
2013,Houston Texans,2,14,276,428,-152,5556,31,9,307,371,633,3813,19,414,1743,7,112
2013,Denver Broncos,13,3,606,399,207,7317,26,16,435,461,675,5444,55,461,1873,16,117
2013,Kansas City Chiefs,11,5,430,305,125,5396,18,10,323,333,546,3340,24,442,2056,17,101
2013,San Diego Chargers,9,7,396,348,48,6293,21,10,373,378,544,4328,32,486,1965,9,95
2013,Oakland Raiders,4,12,322,453,-131,5340,31,11,275,298,519,3340,17,437,2000,16,116
2013,Philadelphia Eagles,10,6,442,382,60,6676,19,10,355,310,508,4110,32,500,2566,19,95
2013,Dallas Cowboys,8,8,439,432,7,5458,20,8,325,375,586,3954,33,336,1504,12,102
2013,New York Giants,7,9,294,383,-89,4920,44,15,280,325,567,3588,18,381,1332,11,91
2013,Washington Redskins,3,13,334,478,-144,5915,34,15,329,355,611,3751,20,453,2164,14,99
2013,Green Bay Packers,8,7,417,428,-11,6404,25,9,351,366,570,4268,25,459,2136,17,86
2013,Chicago Bears,8,8,445,478,-33,6109,23,10,344,373,579,4281,32,404,1828,13,85
2013,Detroit Lions,7,9,395,376,19,6274,34,15,350,371,634,4482,29,445,1792,15,110
2013,Minnesota Vikings,5,10,391,480,-89,5508,32,13,309,325,546,3427,18,423,2081,23,70
2013,Carolina Panthers,12,4,366,241,125,5069,19,6,319,292,473,3043,24,483,2026,14,80
2013,New Orleans Saints,11,5,414,304,110,6391,19,7,359,446,651,4918,39,391,1473,10,95
2013,Atlanta Falcons,4,12,353,443,-90,5490,28,11,330,445,659,4243,26,321,1247,11,91
2013,Tampa Bay Buccaneers,4,12,288,389,-101,4432,21,9,269,291,514,2820,22,420,1612,6,121
2013,Seattle Seahawks,13,3,417,231,186,5424,19,10,307,267,420,3236,27,509,2188,14,128
2013,San Francisco 49ers,12,4,406,272,134,5180,18,10,286,244,417,2979,21,505,2201,18,103
2013,Arizona Cardinals,10,6,379,324,55,5542,31,9,329,363,574,4002,24,422,1540,12,96
2013,St. Louis Rams,7,9,348,364,-16,4877,21,10,282,301,506,3125,22,426,1752,10,123
2014,New England Patriots,12,4,468,313,155,5848,13,4,361,392,609,4121,34,438,1727,13,120
2014,Buffalo Bills,9,7,343,289,54,5096,23,10,273,363,579,3614,23,402,1482,7,124
2014,Miami Dolphins,8,8,388,373,15,5601,23,11,361,394,595,3729,27,399,1872,12,81
2014,New York Jets,4,12,283,401,-118,5226,24,9,289,287,498,2946,16,507,2280,11,109
2014,Pittsburgh Steelers,11,5,436,368,68,6577,21,11,379,411,612,4825,33,423,1752,10,103
2014,Cincinnati Bengals,10,5,365,344,21,5568,26,9,313,323,503,3421,20,492,2147,19,102
2014,Baltimore Ravens,10,6,409,302,107,5838,20,8,345,344,554,3819,27,448,2019,16,111
2014,Cleveland Browns,7,9,299,337,-38,5193,23,7,294,274,502,3465,12,477,1728,17,116
2014,Indianapolis Colts,11,5,458,369,89,6506,31,15,371,410,661,4894,42,415,1612,9,105
2014,Houston Texans,9,7,372,307,65,5513,22,9,313,295,485,3352,22,551,2161,12,94
2014,Jacksonville Jaguars,3,13,249,412,-163,4634,26,8,271,325,557,3001,15,360,1633,9,73
2014,Tennessee Titans,2,14,254,438,-184,4859,26,10,258,299,513,3412,20,356,1447,6,111
2014,Denver Broncos,12,4,482,354,128,6446,20,5,360,399,607,4661,40,443,1785,15,120
2014,Kansas City Chiefs,9,7,353,281,72,5100,17,11,309,320,493,3182,18,420,1918,18,88
2014,San Diego Chargers,9,7,348,348,0,5465,23,5,326,380,574,4098,31,398,1367,6,111
2014,Oakland Raiders,3,13,253,452,-199,4515,29,13,248,365,629,3275,22,337,1240,4,116
2014,Dallas Cowboys,12,4,467,352,115,6138,25,14,342,328,476,3784,37,508,2354,16,105
2014,Philadelphia Eagles,10,6,474,400,74,6348,36,15,356,384,621,4356,27,474,1992,16,115
2014,New York Giants,6,10,380,400,-20,5875,28,14,336,383,607,4272,30,449,1603,13,101
2014,Washington Redskins,4,12,301,438,-137,5738,31,13,318,364,547,4047,18,401,1691,15,120
2014,Green Bay Packers,12,4,486,348,138,6178,13,7,356,349,536,4261,38,435,1917,14,92
2014,Detroit Lions,11,5,321,282,39,5452,20,8,310,365,604,4030,22,396,1422,11,118
2014,Minnesota Vikings,7,9,325,343,-18,5048,20,2,288,322,517,3244,17,413,1804,12,100
2014,Chicago Bears,5,11,319,442,-123,5233,29,10,322,396,609,3792,30,355,1441,8,113
2014,Carolina Panthers,7,8,339,374,-35,5547,23,11,347,327,545,3511,23,473,2036,10,83
2014,New Orleans Saints,7,9,401,424,-23,6582,30,13,395,456,659,4764,33,406,1818,16,80
2014,Atlanta Falcons,6,10,381,417,-36,6051,23,8,330,418,632,4553,28,372,1498,11,97
2014,Tampa Bay Buccaneers,2,14,277,410,-133,4672,33,13,263,301,531,3297,21,353,1375,7,118
2014,Seattle Seahawks,12,4,394,254,140,6012,14,7,328,287,454,3250,20,525,2762,20,130
2014,Arizona Cardinals,11,5,310,299,11,5116,17,5,302,320,568,3808,21,397,1308,6,91
2014,San Francisco 49ers,8,8,306,340,-34,5239,22,12,303,292,487,3063,20,470,2176,10,116
2014,St. Louis Rams,6,10,324,354,-30,5035,27,11,288,327,515,3400,20,395,1635,11,123
2015,New England Patriots,12,4,465,315,150,5991,14,7,348,404,629,4587,36,383,1404,14,96
2015,New York Jets,10,6,387,314,73,5925,24,8,329,362,604,4057,33,448,1868,11,96
2015,Buffalo Bills,8,8,379,359,20,5775,19,10,297,295,465,3343,23,509,2432,19,143
2015,Miami Dolphins,6,10,310,389,-79,5307,19,7,291,365,588,3811,24,344,1496,11,134
2015,Cincinnati Bengals,12,4,419,279,140,5728,17,8,324,334,505,3923,31,467,1805,18,111
2015,Pittsburgh Steelers,10,6,423,319,104,6327,28,7,331,391,590,4603,26,388,1724,16,94
2015,Baltimore Ravens,5,11,328,401,-73,5749,28,7,323,426,676,4271,21,383,1478,8,122
2015,Cleveland Browns,3,13,278,432,-154,5311,30,18,307,371,609,3782,20,380,1529,5,120
2015,Houston Texans,9,7,339,313,26,5564,20,8,335,358,619,3833,29,472,1731,7,107
2015,Indianapolis Colts,8,8,333,408,-75,5142,30,11,311,355,619,3704,26,396,1438,6,108
2015,Jacksonville Jaguars,5,11,376,448,-72,5581,28,10,313,355,607,4108,35,354,1473,5,105
2015,Tennessee Titans,3,13,299,423,-124,4988,33,16,298,342,551,3503,25,371,1485,10,93
2015,Denver Broncos,12,4,355,296,59,5688,31,8,314,368,606,3970,19,411,1718,13,115
2015,Kansas City Chiefs,11,5,405,287,118,5299,15,8,303,310,473,3255,20,436,2044,19,104
2015,Oakland Raiders,7,9,359,399,-40,5336,24,10,300,373,605,3879,34,370,1457,7,139
2015,San Diego Chargers,4,12,320,398,-78,5949,24,11,344,442,667,4591,30,393,1358,4,117
2015,Washington Redskins,9,7,388,379,9,5661,22,11,317,386,555,4095,30,429,1566,9,105
2015,Philadelphia Eagles,7,9,377,430,-53,5830,31,13,339,405,623,4087,23,442,1743,15,104
2015,New York Giants,6,10,420,442,-22,5952,21,7,331,392,623,4343,36,403,1609,5,102
2015,Dallas Cowboys,4,12,275,374,-99,5361,33,11,307,334,528,3471,16,408,1890,8,112
2015,Minnesota Vikings,11,5,365,302,63,5139,17,8,297,294,454,2928,14,474,2211,18,88
2015,Green Bay Packers,10,6,368,323,45,5353,17,9,317,348,573,3503,31,436,1850,8,105
2015,Detroit Lions,7,9,358,400,-42,5547,24,10,337,420,632,4212,33,354,1335,7,104
2015,Chicago Bears,6,10,335,397,-62,5514,21,9,312,334,523,3660,21,468,1854,13,99
2015,Carolina Panthers,15,1,500,308,192,5871,19,9,357,300,501,3589,35,526,2282,19,103
2015,Atlanta Falcons,8,8,339,345,-6,5985,30,13,359,410,621,4379,21,420,1606,13,100
2015,New Orleans Saints,7,9,408,476,-68,6461,20,8,381,460,667,4970,32,397,1491,16,130
2015,Tampa Bay Buccaneers,6,10,342,417,-75,6014,28,13,336,312,535,3852,22,455,2162,12,143
2015,Arizona Cardinals,13,3,489,313,176,6533,24,11,373,353,562,4616,35,452,1917,16,94
2015,Seattle Seahawks,10,6,423,277,146,6058,16,8,335,333,489,3790,34,500,2268,10,117
2015,St. Louis Rams,7,9,280,330,-50,4761,22,11,241,273,473,2805,11,429,1956,16,122
2015,San Francisco 49ers,5,11,238,387,-149,4860,17,5,261,322,526,3316,16,390,1544,7,113
2016,New England Patriots,14,2,441,250,191,6180,11,9,351,368,550,4308,32,482,1872,19,93
2016,Miami Dolphins,10,6,363,380,-17,5324,23,8,278,316,477,3500,27,406,1824,14,125
2016,Buffalo Bills,7,9,399,378,21,5666,12,5,328,286,474,3036,17,492,2630,29,112
2016,New York Jets,5,11,275,409,-134,5268,34,9,291,311,550,3466,16,418,1802,10,93
2016,Pittsburgh Steelers,11,5,399,327,72,5962,18,3,336,381,596,4202,33,409,1760,13,112
2016,Baltimore Ravens,8,8,343,321,22,5563,23,7,316,439,679,4100,20,367,1463,10,125
2016,Cincinnati Bengals,6,9,325,315,10,5711,17,9,341,364,563,3942,18,446,1769,17,88
2016,Cleveland Browns,1,15,264,452,-188,4976,25,11,296,338,567,3264,15,350,1712,13,95
2016,Houston Texans,9,7,279,328,-49,5035,24,8,305,347,583,3176,15,456,1859,8,87
2016,Tennessee Titans,9,7,381,378,3,5728,18,7,322,307,504,3541,29,476,2187,16,110
2016,Indianapolis Colts,8,8,411,392,19,5830,22,7,351,370,584,4202,32,409,1628,13,103
2016,Jacksonville Jaguars,3,13,318,400,-82,5359,29,13,321,369,626,3728,24,392,1631,8,129
2016,Kansas City Chiefs,12,4,389,311,78,5488,17,9,305,365,546,3740,19,412,1748,15,109
2016,Oakland Raiders,12,4,416,385,31,5973,14,7,333,379,596,4051,29,434,1922,17,147
2016,Denver Broncos,9,7,333,297,36,5169,25,14,290,339,570,3685,20,410,1484,11,119
2016,San Diego Chargers,5,11,410,423,-13,5708,35,14,340,349,580,4198,33,398,1510,10,107
2016,Dallas Cowboys,13,3,421,306,115,6027,15,9,358,325,483,3631,25,499,2396,24,105
2016,New York Giants,11,5,310,284,26,5291,27,11,289,377,598,3879,26,398,1412,6,88
2016,Washington Redskins,8,7,396,383,13,6454,21,9,345,407,607,4758,25,379,1696,17,110
2016,Philadelphia Eagles,7,9,367,331,36,5398,20,6,333,380,609,3585,16,438,1813,16,113
2016,Green Bay Packers,10,6,432,388,44,5900,17,9,349,403,620,4199,40,374,1701,11,100
2016,Detroit Lions,9,7,346,358,-12,5421,15,5,329,388,594,4111,24,350,1310,9,100
2016,Minnesota Vikings,8,8,327,307,20,5041,16,11,303,414,588,3836,20,380,1205,9,103
2016,Chicago Bears,3,13,279,399,-120,5704,31,12,324,347,559,3969,19,380,1735,10,110
2016,Atlanta Falcons,11,5,540,406,134,6653,11,4,379,374,537,4725,38,421,1928,20,104
2016,Tampa Bay Buccaneers,9,7,354,369,-15,5542,27,9,340,355,578,3926,29,453,1616,8,109
2016,New Orleans Saints,7,9,469,454,15,6816,24,9,395,472,674,5074,38,404,1742,17,107
2016,Carolina Panthers,6,10,369,402,-33,5499,29,10,318,306,563,3685,21,453,1814,16,98
2016,Seattle Seahawks,10,5,354,292,62,5715,18,6,313,368,567,4124,23,403,1591,13,117
2016,Arizona Cardinals,7,8,418,362,56,5868,28,11,368,383,646,4136,28,399,1732,20,104
2016,Los Angeles Rams,4,12,224,394,-170,4203,29,9,245,312,536,2951,14,375,1252,9,126
2016,San Francisco 49ers,2,14,309,480,-171,4930,25,15,287,287,491,2911,21,458,2019,15,99
2017,New England Patriots,13,3,458,296,162,6307,12,4,389,389,587,4418,32,448,1889,16,95
2017,Buffalo Bills,9,7,302,359,-57,4842,16,6,278,289,476,2825,16,487,2017,12,98
2017,Miami Dolphins,6,10,281,393,-112,4923,29,8,284,373,602,3535,24,360,1388,4,137
2017,New York Jets,5,11,298,382,-84,4884,24,12,269,323,510,3182,19,427,1702,13,119
2017,Pittsburgh Steelers,13,3,406,308,98,6047,20,5,348,384,590,4380,29,437,1667,12,101
2017,Baltimore Ravens,9,7,395,303,92,4886,17,4,311,363,567,3030,20,460,1856,14,91
2017,Cincinnati Bengals,7,9,290,349,-59,4488,23,11,267,304,510,3122,25,377,1366,6,110
2017,Cleveland Browns,0,16,234,410,-176,4942,41,13,290,312,574,3228,15,384,1714,11,110
2017,Jacksonville Jaguars,10,6,417,268,149,5855,23,10,332,316,527,3593,21,527,2262,18,112
2017,Tennessee Titans,9,7,334,356,-22,5024,25,8,290,306,496,3191,14,443,1833,18,85
2017,Indianapolis Colts,4,12,263,404,-141,4553,15,6,267,285,487,2892,13,451,1661,11,92
2017,Houston Texans,4,12,338,436,-98,5120,28,11,313,299,525,3278,28,448,1842,8,124
2017,Kansas City Chiefs,10,6,415,339,76,6007,11,3,322,363,543,4104,26,405,1903,12,118
2017,Los Angeles Chargers,9,7,355,272,83,6026,15,4,337,366,583,4431,28,419,1595,10,108
2017,Oakland Raiders,6,10,301,373,-72,5185,28,14,287,347,558,3631,23,370,1554,13,114
2017,Denver Broncos,5,11,289,382,-93,5185,34,12,297,332,566,3333,19,457,1852,8,113
2017,Philadelphia Eagles,13,3,457,295,162,5852,20,11,338,341,564,3737,38,473,2115,9,116
2017,Dallas Cowboys,9,7,354,332,22,5311,22,9,314,309,493,3141,22,480,2170,18,97
2017,Washington Redskins,7,9,342,388,-46,5199,27,14,278,347,540,3751,27,401,1448,10,92
2017,New York Giants,3,13,246,388,-142,5028,22,8,271,373,608,3479,20,394,1549,6,91
2017,Minnesota Vikings,13,3,382,252,130,5710,14,6,334,357,527,3753,25,501,1957,15,100
2017,Detroit Lions,9,7,410,376,34,5404,22,11,296,374,570,4183,29,363,1221,10,104
2017,Green Bay Packers,7,9,320,384,-64,4891,25,7,307,352,562,3167,25,386,1724,13,96
2017,Chicago Bears,5,11,264,320,-56,4599,22,10,266,291,473,2811,13,422,1788,13,115
2017,New Orleans Saints,11,5,448,326,122,6259,18,10,332,386,536,4189,23,444,2070,23,105
2017,Carolina Panthers,11,5,363,327,36,5179,22,6,320,293,501,3077,22,490,2102,15,83
2017,Atlanta Falcons,10,6,353,315,38,5837,18,6,330,343,530,3990,21,430,1847,12,102
2017,Tampa Bay Buccaneers,5,11,335,382,-47,5814,27,13,352,378,605,4366,26,390,1448,8,104
2017,Los Angeles Rams,11,5,478,329,149,5784,21,14,311,320,518,3831,28,454,1953,17,107
2017,Seattle Seahawks,9,7,366,332,34,5286,17,5,299,340,555,3657,34,409,1629,4,148
2017,Arizona Cardinals,8,8,295,361,-66,5026,25,7,310,339,598,3640,21,410,1386,6,110
2017,San Francisco 49ers,6,10,331,383,-52,5587,23,8,321,362,607,3925,15,408,1662,15,123
2018,New England Patriots,11,5,436,325,111,6295,18,7,365,378,574,4258,29,478,2037,18,93
2018,Miami Dolphins,7,9,319,433,-114,4638,23,10,252,292,455,2900,26,371,1738,7,108
2018,Buffalo Bills,6,10,269,374,-105,4778,32,9,283,271,499,2794,13,468,1984,15,116
2018,New York Jets,4,12,333,441,-108,4787,30,11,258,299,524,3165,18,410,1622,11,114
2018,Baltimore Ravens,10,6,389,287,102,5999,20,11,367,334,556,3558,18,547,2441,19,116
2018,Pittsburgh Steelers,9,6,428,360,68,6453,26,9,378,459,689,5008,35,345,1445,16,111
2018,Cleveland Browns,7,8,359,392,-33,5900,24,7,314,353,574,4007,29,411,1893,15,112
2018,Cincinnati Bengals,6,10,368,455,-87,4972,17,4,304,331,542,3290,27,359,1682,13,114
2018,Houston Texans,11,5,402,316,86,5802,16,7,333,345,506,3781,26,472,2021,12,105
2018,Indianapolis Colts,10,6,433,344,89,6179,24,9,371,432,644,4461,39,408,1718,13,120
2018,Tennessee Titans,9,7,310,303,7,5002,18,6,289,293,437,2975,16,456,2027,15,82
2018,Jacksonville Jaguars,5,11,245,316,-71,4832,29,16,277,329,536,3109,15,416,1723,7,121
2018,Kansas City Chiefs,12,4,565,421,144,6810,18,6,384,385,583,4955,50,387,1855,16,137
2018,Los Angeles Chargers,12,4,428,329,99,5962,19,7,338,348,512,4089,32,399,1873,16,113
2018,Denver Broncos,6,10,329,349,-20,5602,21,6,320,367,588,3695,19,393,1907,18,125
2018,Oakland Raiders,4,12,290,467,-177,5379,24,14,300,382,556,3751,19,387,1628,9,110
2018,Dallas Cowboys,10,6,339,324,15,5501,17,9,322,356,527,3538,22,439,1963,13,104
2018,Philadelphia Eagles,9,7,367,348,19,5845,23,12,346,422,599,4275,29,398,1570,12,100
2018,Washington Redskins,7,9,281,359,-78,4795,19,4,280,311,509,3021,16,414,1774,12,115
2018,New York Giants,5,11,369,412,-43,5697,19,7,297,382,583,4047,23,354,1650,13,114
2018,Chicago Bears,12,4,421,283,138,5502,24,10,331,344,512,3564,28,468,1938,16,97
2018,Minnesota Vikings,8,7,360,341,19,5529,20,10,310,425,606,4036,30,357,1493,9,92
2018,Green Bay Packers,6,9,376,400,-24,5905,15,11,332,392,640,4238,25,333,1667,14,108
2018,Detroit Lions,6,10,324,360,-36,5236,19,7,325,375,574,3576,22,404,1660,11,94
2018,New Orleans Saints,13,3,504,353,151,6067,16,9,377,381,519,4042,33,471,2025,26,94
2018,Atlanta Falcons,7,9,414,423,-9,6226,18,11,352,428,617,4653,36,351,1573,11,101
2018,Carolina Panthers,7,9,376,382,-6,5972,22,6,356,378,563,3836,28,416,2136,17,92
2018,Tampa Bay Buccaneers,5,11,396,464,-68,6648,35,9,388,408,625,5125,36,389,1523,11,117
2018,Los Angeles Rams,13,3,527,384,143,6738,19,7,401,368,568,4507,32,459,2231,23,96
2018,Seattle Seahawks,10,6,428,347,81,5653,11,4,329,280,427,3093,35,534,2560,15,111
2018,San Francisco 49ers,4,12,342,435,-93,5769,32,12,344,331,532,3867,26,423,1902,7,112
2018,Arizona Cardinals,3,13,225,425,-200,3865,28,10,239,283,495,2523,15,355,1342,9,101
2019,New England Patriots,12,4,420,225,195,5664,15,6,338,378,620,3961,25,447,1703,17,94
2019,Buffalo Bills,10,6,314,259,55,5283,19,7,314,299,513,3229,21,465,2054,13,117
2019,New York Jets,7,9,276,359,-83,4368,25,9,253,323,521,3111,19,383,1257,6,115
2019,Miami Dolphins,5,11,306,494,-188,4960,26,8,315,371,615,3804,22,349,1156,10,92
2019,Baltimore Ravens,14,2,531,282,249,6521,15,7,386,289,440,3225,37,596,3296,21,109
2019,Pittsburgh Steelers,8,8,289,303,-14,4428,30,11,265,315,510,2981,18,395,1447,7,111
2019,Cleveland Browns,6,10,335,393,-58,5455,28,7,305,318,539,3554,22,393,1901,15,122
2019,Cincinnati Bengals,2,14,279,420,-141,5169,30,14,312,356,616,3652,18,385,1517,9,93
2019,Houston Texans,10,6,378,385,-7,5792,22,8,346,355,534,3783,27,434,2009,17,111
2019,Tennessee Titans,9,7,402,331,71,5805,17,9,317,297,448,3582,29,445,2223,21,99
2019,Indianapolis Colts,7,9,361,373,-12,5238,21,11,340,307,513,3108,22,471,2130,17,79
2019,Jacksonville Jaguars,6,10,300,397,-97,5468,20,12,298,364,589,3760,24,389,1708,3,132
2019,Kansas City Chiefs,12,4,451,308,143,6067,15,10,350,378,576,4498,30,375,1569,16,107
2019,Denver Broncos,7,9,282,316,-34,4777,16,6,279,312,504,3115,16,409,1662,11,110
2019,Oakland Raiders,7,9,313,419,-106,5819,17,9,315,367,523,3926,22,437,1893,13,128
2019,Los Angeles Chargers,5,11,337,345,-8,5879,31,11,349,394,597,4426,24,366,1453,12,103
2019,Philadelphia Eagles,9,7,385,354,31,5772,23,15,354,391,613,3833,27,454,1939,16,100
2019,Dallas Cowboys,8,8,434,321,113,6904,18,7,379,388,597,4751,30,449,2153,18,109
2019,New York Giants,4,12,341,451,-110,5416,33,16,311,376,607,3731,30,362,1685,11,90
2019,Washington Redskins,3,13,266,435,-169,4395,21,8,248,298,479,2812,18,356,1583,9,106
2019,Green Bay Packers,13,3,376,313,63,5528,13,9,320,356,573,3733,26,411,1795,18,100
2019,Minnesota Vikings,10,6,407,303,104,5656,20,12,314,319,466,3523,26,476,2133,19,96
2019,Chicago Bears,8,8,280,298,-18,4749,19,7,297,371,580,3291,20,395,1458,8,103
2019,Detroit Lions,3,12,341,423,-82,5549,23,8,313,344,571,3900,28,407,1649,7,113
2019,New Orleans Saints,13,3,458,341,117,5982,8,2,347,418,581,4244,36,405,1738,12,120
2019,Atlanta Falcons,7,9,381,399,-18,6075,25,10,383,459,684,4714,29,362,1361,10,119
2019,Tampa Bay Buccaneers,7,9,458,449,9,6366,41,11,353,382,630,4845,33,409,1521,15,133
2019,Carolina Panthers,5,11,340,470,-130,5469,35,14,335,382,633,3650,17,386,1819,20,87
2019,San Francisco 49ers,13,3,479,310,169,6097,23,10,336,331,478,3792,28,498,2305,23,105
2019,Seattle Seahawks,11,5,405,398,7,5991,20,14,341,341,517,3791,31,481,2200,15,109
2019,Los Angeles Rams,9,7,394,364,30,5998,24,7,342,397,632,4499,22,401,1499,20,118
2019,Arizona Cardinals,5,10,361,442,-81,5467,18,6,314,355,554,3477,20,396,1990,18,121
2020,Buffalo Bills,13,3,501,375,126,6343,22,11,397,410,596,4620,40,411,1723,16,102
2020,Miami Dolphins,10,6,404,338,66,5424,20,7,345,370,559,3736,24,428,1688,15,74
2020,New England Patriots,7,9,326,353,-27,5236,19,5,332,283,440,2890,12,502,2346,20,62
2020,New York Jets,2,14,243,457,-214,4479,19,5,269,292,499,2796,16,406,1683,9,101
2020,Pittsburgh Steelers,12,4,416,312,104,5354,18,7,322,428,656,4003,35,373,1351,12,81
2020,Baltimore Ravens,11,5,468,303,165,5810,18,7,327,257,406,2739,27,555,3071,24,104
2020,Cleveland Browns,11,5,408,419,-11,5913,16,8,355,315,501,3539,27,495,2374,21,100
2020,Cincinnati Bengals,4,11,311,424,-113,5116,24,13,318,372,581,3448,19,411,1668,13,83
2020,Tennessee Titans,11,5,491,439,52,6343,12,5,381,316,485,3653,33,521,2690,26,86
2020,Indianapolis Colts,11,5,451,362,89,6049,15,4,364,371,552,4053,24,459,1996,20,94
2020,Houston Texans,4,12,384,464,-80,6004,18,11,326,383,546,4538,33,344,1466,10,80
2020,Jacksonville Jaguars,1,15,306,492,-186,5218,25,9,310,387,616,3699,25,337,1519,9,107
2020,Kansas City Chiefs,14,2,473,362,111,6653,16,9,397,420,630,4854,40,403,1799,13,105
2020,Las Vegas Raiders,8,8,434,478,-44,6133,26,16,359,369,551,4217,28,457,1916,20,98
2020,Los Angeles Chargers,7,9,384,426,-42,6113,16,6,373,413,627,4329,31,466,1784,12,85
2020,Denver Broncos,5,11,323,446,-123,5369,32,9,308,317,556,3451,21,442,1918,13,81
2020,Washington Football Team,7,9,335,329,6,5076,27,11,322,389,601,3465,16,400,1611,18,87
2020,New York Giants,6,10,280,357,-77,4794,22,11,297,321,517,3026,12,399,1768,13,81
2020,Dallas Cowboys,6,10,395,473,-78,5949,26,13,371,413,639,4161,25,430,1788,14,96
2020,Philadelphia Eagles,4,11,334,418,-84,5354,29,9,336,334,598,3327,22,403,2027,16,107
2020,Green Bay Packers,13,3,509,369,140,6224,11,6,358,372,526,4106,48,443,2118,16,84
2020,Chicago Bears,8,8,372,370,2,5302,22,6,335,402,614,3655,26,393,1647,12,88
2020,Minnesota Vikings,7,9,430,475,-45,6292,23,10,383,349,516,4009,35,468,2283,20,82
2020,Detroit Lions,5,11,377,519,-142,5603,21,8,350,374,582,4104,27,367,1499,17,95
2020,New Orleans Saints,12,4,482,337,145,6023,17,9,367,370,522,3758,28,494,2265,30,98
2020,Tampa Bay Buccaneers,11,5,492,355,137,6145,17,5,364,410,626,4626,42,369,1519,16,84
2020,Carolina Panthers,5,11,350,402,-52,5592,21,5,335,373,550,3888,16,407,1704,19,95
2020,Atlanta Falcons,4,12,396,414,-18,5895,18,7,366,408,628,4363,27,409,1532,13,83
2020,Seattle Seahawks,12,4,459,371,88,5912,18,5,356,388,563,3941,40,411,1971,15,84
2020,Los Angeles Rams,10,6,372,296,76,6032,25,11,352,392,590,4014,20,473,2018,19,71
2020,Arizona Cardinals,8,8,410,367,43,6153,21,8,381,387,575,3916,27,479,2237,22,113
2020,San Francisco 49ers,6,10,376,390,-14,5922,31,14,350,371,570,4033,25,437,1889,19,85
2021,Buffalo Bills,11,6,483,289,194,6493,22,6,398,415,655,4284,36,461,2209,20,113
2021,New England Patriots,10,7,462,303,159,6008,23,10,362,364,535,3857,24,489,2151,24,95
2021,Miami Dolphins,9,8,341,373,-32,5219,26,12,325,404,615,3651,21,442,1568,12,105
2021,New York Jets,4,13,310,504,-194,5208,27,7,310,357,603,3541,20,380,1667,14,103
2021,Cincinnati Bengals,10,7,460,376,84,6145,21,7,337,384,555,4403,36,436,1742,16,72
2021,Pittsburgh Steelers,9,7,343,398,-55,5361,20,9,323,425,664,3778,23,411,1583,10,106
2021,Cleveland Browns,8,9,349,371,-22,5791,22,8,342,320,520,3320,21,485,2471,20,112
2021,Baltimore Ravens,8,9,387,392,-5,6440,26,8,394,396,611,3961,21,517,2479,18,102
2021,Tennessee Titans,12,5,419,354,65,5822,25,11,362,359,535,3418,22,551,2404,23,103
2021,Indianapolis Colts,9,8,451,365,86,5901,19,11,354,324,521,3361,27,499,2540,22,76
2021,Houston Texans,4,13,280,452,-172,4727,22,7,266,354,546,3305,21,420,1422,8,114
2021,Jacksonville Jaguars,3,14,253,457,-204,5191,29,12,304,361,604,3436,12,392,1755,13,104
2021,Kansas City Chiefs,12,5,480,364,116,6746,25,12,419,448,675,4791,37,431,1955,16,111
2021,Las Vegas Raiders,10,7,374,439,-65,6184,24,10,349,429,628,4567,23,414,1617,14,124
2021,Los Angeles Chargers,9,8,474,459,15,6634,22,7,401,443,674,4800,38,423,1834,18,116
2021,Denver Broncos,7,10,335,322,13,5618,18,9,331,354,541,3593,20,455,2025,16,83
2021,Dallas Cowboys,12,5,530,358,172,6919,20,9,390,444,647,4800,40,473,2119,15,127
2021,Philadelphia Eagles,9,8,444,385,59,6119,16,6,352,307,494,3404,20,550,2715,25,107
2021,Washington Football Team,7,10,335,434,-99,5502,24,9,345,356,550,3441,21,477,2061,13,82
2021,New York Giants,4,13,258,416,-158,4884,30,10,299,351,593,3196,15,419,1688,8,88
2021,Green Bay Packers,13,4,450,371,79,6215,13,6,375,402,593,4315,39,446,1900,13,69
2021,Minnesota Vikings,8,9,425,426,-1,6168,13,6,332,398,604,4238,34,449,1930,10,111
2021,Chicago Bears,6,11,311,407,-96,5225,29,9,333,332,542,3207,16,475,2018,14,106
2021,Detroit Lions,3,13,325,467,-142,5484,23,9,329,396,593,3598,23,427,1886,12,105
2021,Tampa Bay Buccaneers,13,4,511,353,158,6901,19,7,404,492,731,5229,43,385,1672,18,97
2021,New Orleans Saints,9,8,364,335,29,5177,18,5,307,293,504,3186,29,510,1991,12,98
2021,Atlanta Falcons,7,10,313,459,-146,5164,26,11,306,377,573,3713,20,393,1451,11,92
2021,Carolina Panthers,5,12,304,404,-100,5081,29,8,322,348,599,3239,14,455,1842,17,107
2021,Los Angeles Rams,12,5,460,372,88,6325,23,5,355,406,607,4642,41,420,1683,10,76
2021,Arizona Cardinals,11,6,449,366,83,6352,15,4,367,415,591,4276,27,496,2076,23,114
2021,San Francisco 49ers,10,7,427,365,62,6387,24,10,361,343,514,4221,26,499,2166,22,102
2021,Seattle Seahawks,7,10,395,366,29,5506,13,6,302,324,495,3432,30,413,2074,18,97
2022,Buffalo Bills,13,3,455,286,169,6361,27,13,367,361,574,4129,35,430,2232,15,92
2022,Miami Dolphins,9,8,397,399,-2,6197,21,6,342,368,584,4511,30,390,1686,12,111
2022,New England Patriots,8,9,364,347,17,5348,23,9,288,358,540,3536,19,425,1812,12,104
2022,New York Jets,7,10,296,316,-20,5409,23,9,294,357,627,3723,15,405,1686,13,91
2022,Cincinnati Bengals,12,4,418,322,96,5768,18,6,357,418,610,4240,35,399,1528,14,81
2022,Baltimore Ravens,10,7,350,315,35,5760,21,8,337,300,488,3040,19,526,2720,14,82
2022,Pittsburgh Steelers,9,8,308,346,-38,5484,19,5,345,364,571,3411,12,500,2073,16,94
2022,Cleveland Browns,7,10,361,381,-20,5934,21,9,350,335,540,3444,19,532,2490,19,102
2022,Jacksonville Jaguars,9,8,404,350,54,6075,22,13,352,394,596,3959,25,448,2116,16,90
2022,Tennessee Titans,7,10,298,359,-61,5045,23,12,277,285,456,2914,16,487,2131,16,111
2022,Indianapolis Colts,4,12,289,427,-138,5298,34,14,310,398,604,3432,17,439,1866,8,89
2022,Houston Texans,3,13,289,420,-131,4820,28,9,277,352,579,3344,20,398,1476,7,88
2022,Kansas City Chiefs,14,3,496,369,127,7032,23,11,408,435,651,5062,41,417,1970,18,87
2022,Los Angeles Chargers,10,7,391,384,7,6108,19,9,352,485,711,4584,26,404,1524,15,81
2022,Las Vegas Raiders,6,11,395,418,-23,5993,21,4,343,359,586,3934,28,428,2059,12,113
2022,Denver Broncos,5,12,287,359,-72,5527,24,9,300,345,571,3592,18,444,1935,11,113
2022,Philadelphia Eagles,14,3,477,344,133,6614,19,10,385,350,536,4105,25,544,2509,32,90
2022,Dallas Cowboys,12,5,467,342,125,6034,23,5,347,355,556,3736,28,531,2298,24,104
2022,New York Giants,9,7,365,371,-6,5676,16,10,352,346,520,3157,17,520,2519,21,106
2022,Washington Commanders,8,8,321,343,-22,5615,23,7,339,344,554,3472,24,538,2143,9,92
2022,Minnesota Vikings,13,4,424,427,-3,6145,23,8,382,448,672,4484,30,404,1661,18,88
2022,Detroit Lions,9,8,453,427,26,6460,15,8,376,383,588,4281,29,480,2179,23,90
2022,Green Bay Packers,8,9,370,371,-1,5745,22,10,334,364,563,3632,27,456,2113,12,89
2022,Chicago Bears,3,14,326,463,-137,5233,25,10,278,223,377,2219,19,558,3014,18,80
2022,Tampa Bay Buccaneers,8,9,313,358,-45,5894,22,12,346,499,751,4586,26,386,1308,5,99
2022,Carolina Panthers,7,10,347,374,-27,5206,21,8,281,267,457,2996,16,483,2210,16,104
2022,New Orleans Saints,7,10,330,345,-15,5674,25,11,305,338,512,3692,24,465,1982,12,99
2022,Atlanta Falcons,7,10,365,386,-21,5417,21,12,330,257,415,2699,17,559,2718,17,68
2022,San Francisco 49ers,13,4,450,277,173,6216,17,8,347,338,512,3856,30,504,2360,20,94
2022,Seattle Seahawks,9,8,407,401,6,5976,23,11,346,399,573,3934,30,425,2042,12,106
2022,Los Angeles Rams,5,12,307,384,-77,4769,23,8,293,347,531,3108,16,411,1661,15,76
2022,Arizona Cardinals,4,13,340,449,-109,5499,25,8,326,433,664,3626,17,434,1873,15,118
2023,Buffalo Bills,11,6,451,311,140,6366,28,10,381,385,579,4154,29,512,2212,22,106
2023,Miami Dolphins,11,6,496,391,105,6822,25,10,360,393,566,4514,30,456,2308,27,97
2023,New York Jets,7,10,268,355,-87,4566,33,18,260,356,601,2919,11,388,1647,7,124
2023,New England Patriots,4,13,236,366,-130,4696,29,8,261,351,557,3069,16,415,1627,9,89
2023,Baltimore Ravens,13,4,483,280,203,6296,19,12,360,328,494,3635,27,541,2661,26,102
2023,Cleveland Browns,11,6,396,362,34,5710,37,14,325,355,624,3693,24,518,2017,15,115
2023,Pittsburgh Steelers,10,7,304,324,-20,5173,16,7,287,323,506,3163,13,487,2010,16,86
2023,Cincinnati Bengals,9,8,366,384,-18,5422,16,2,329,420,615,3895,27,383,1527,12,76
2023,Houston Texans,10,7,377,353,24,5820,14,6,329,372,592,4173,27,444,1647,10,114
2023,Jacksonville Jaguars,9,8,377,371,6,5772,30,16,336,412,620,4126,22,453,1646,17,83
2023,Indianapolis Colts,9,8,396,415,-19,5725,22,12,324,355,574,3666,18,479,2059,19,95
2023,Tennessee Titans,6,11,305,367,-62,4913,20,9,298,304,494,3067,14,444,1846,16,110
2023,Kansas City Chiefs,11,6,371,294,77,5972,28,11,350,421,635,4188,28,417,1784,9,96
2023,Las Vegas Raiders,8,9,332,331,1,4922,24,6,292,348,557,3380,20,413,1542,11,75
2023,Denver Broncos,8,9,357,413,-56,5072,22,13,301,337,513,3262,28,451,1810,8,99
2023,Los Angeles Chargers,5,12,346,398,-52,5599,21,13,319,409,632,3957,24,431,1642,11,79
2023,Dallas Cowboys,12,5,509,315,194,6317,16,6,385,428,614,4397,36,468,1920,14,115
2023,Philadelphia Eagles,11,6,433,428,5,6024,28,12,377,369,563,3834,24,510,2190,22,95
2023,New York Giants,6,11,266,407,-141,4760,19,7,267,338,518,2886,15,454,1874,10,89
2023,Washington Commanders,4,13,329,518,-189,5317,32,11,321,407,636,3725,24,359,1592,14,87
2023,Detroit Lions,12,5,461,395,66,6712,23,11,375,408,606,4401,30,500,2311,27,97
2023,Green Bay Packers,9,8,383,350,33,5873,18,7,338,374,581,3968,32,441,1905,10,105
2023,Minnesota Vikings,7,10,344,362,-18,5912,34,15,340,424,631,4359,30,393,1553,7,89
2023,Chicago Bears,7,10,360,379,-19,5495,25,10,322,321,513,3096,19,534,2399,16,99
2023,Tampa Bay Buccaneers,9,8,348,325,23,5321,18,8,300,364,568,3812,28,439,1509,8,100
2023,New Orleans Saints,9,8,402,327,75,5732,18,7,337,406,606,3990,28,480,1742,13,96
2023,Atlanta Falcons,7,10,321,373,-52,5683,28,11,326,327,530,3524,17,522,2159,14,84
2023,Carolina Panthers,2,15,236,416,-180,4510,20,10,297,350,586,2741,13,445,1769,7,103
2023,San Francisco 49ers,12,5,491,298,193,6773,18,6,383,336,491,4384,33,499,2389,27,101
2023,Los Angeles Rams,10,7,404,377,27,6108,18,5,351,361,583,4063,26,477,2045,18,89
2023,Seattle Seahawks,9,8,364,402,-38,5490,17,5,317,371,575,3910,23,382,1580,11,111
2023,Arizona Cardinals,4,13,330,455,-125,5509,18,6,330,355,555,3144,18,471,2365,17,101
